{
    "__author": "Briar Young / MayJay / History",
    "version": 3,
    "type": 1,
    "name": "mjrecolor_briaryoung_hair_down_ponytail",
    "img_sit": "mjrecolor_briaryoung_hair_down_ponytail",
    "pose_map": {
        "mpm_type": 0,
        "default": true,
        "use_reg_for_l": true
    },
    "stay_on_start": true,
    "ex_props": {
        "ribbon": true,
        "twintails": true
    },
    "select_info": {
        "display_name": "Solto (Rabo de Cavalo, V2)",
        "thumb": "mjrecolor_briaryoung_hair_down_ponytail",
        "group": "hair"
    },
    "unlock": true
}
