{
    "__author": "Orcaramelo / MayJay / History",
    "version": 3,
    "type": 1,
    "name": "mjrecolor_orcaramelo_twintails",
    "img_sit": "mjrecolor_orcaramelo_twintails",
    "pose_map": {
        "mpm_type": 0,
        "default": true,
        "use_reg_for_l": true
    },
    "stay_on_start": true,
    "ex_props": {
        "ribbon": true,
        "twintails": true
    },
    "select_info": {
        "display_name": "Maria-chiquinha (V2)",
        "thumb": "mjrecolor_orcaramelo_twintails",
        "group": "hair"
    },
    "unlock": true
}
